TIME_ID,ACTION_DATE,ACTION_DAY,ACTION_WEEK,ACTION_MONTH,ACTION_QTR,ACTION_YEAR
1,2019-10-05,5,40,10,4,2019
2,2019-10-04,4,40,10,4,2019
3,2019-10-03,3,40,10,4,2019
4,2019-10-02,2,40,10,4,2019
5,2019-10-01,1,40,10,4,2019
6,2019-09-30,30,40,9,3,2019
7,2019-09-29,29,39,9,3,2019
8,2019-09-28,28,39,9,3,2019
9,2019-09-27,27,39,9,3,2019
10,2019-09-26,26,39,9,3,2019
11,2019-09-25,25,39,9,3,2019
12,2019-09-24,24,39,9,3,2019
13,2019-09-23,23,39,9,3,2019
14,2019-09-22,22,38,9,3,2019
15,2019-09-21,21,38,9,3,2019
16,2019-09-20,20,38,9,3,2019
17,2019-09-19,19,38,9,3,2019
18,2019-09-18,18,38,9,3,2019
19,2019-09-17,17,38,9,3,2019
20,2019-09-16,16,38,9,3,2019
21,2019-09-15,15,37,9,3,2019
22,2019-09-14,14,37,9,3,2019
23,2019-09-13,13,37,9,3,2019
24,2019-09-12,12,37,9,3,2019
25,2019-09-11,11,37,9,3,2019
26,2019-09-10,10,37,9,3,2019
27,2019-09-09,9,37,9,3,2019
28,2019-09-08,8,36,9,3,2019
29,2019-09-07,7,36,9,3,2019
30,2019-09-06,6,36,9,3,2019
31,2019-09-05,5,36,9,3,2019
32,2019-09-04,4,36,9,3,2019
33,2019-09-03,3,36,9,3,2019
34,2019-09-02,2,36,9,3,2019
35,2019-09-01,1,35,9,3,2019
36,2019-08-31,31,35,8,3,2019
37,2019-08-30,30,35,8,3,2019
38,2019-08-29,29,35,8,3,2019
39,2019-08-28,28,35,8,3,2019
40,2019-08-27,27,35,8,3,2019
41,2019-08-26,26,35,8,3,2019
42,2019-08-25,25,34,8,3,2019
43,2019-08-24,24,34,8,3,2019
44,2019-08-23,23,34,8,3,2019
45,2019-08-22,22,34,8,3,2019
46,2019-08-21,21,34,8,3,2019
47,2019-08-20,20,34,8,3,2019
48,2019-08-19,19,34,8,3,2019
49,2019-08-18,18,33,8,3,2019
50,2019-08-17,17,33,8,3,2019
51,2019-08-16,16,33,8,3,2019
52,2019-08-15,15,33,8,3,2019
53,2019-08-14,14,33,8,3,2019
54,2019-08-13,13,33,8,3,2019
55,2019-08-12,12,33,8,3,2019
56,2019-08-11,11,32,8,3,2019
57,2019-08-10,10,32,8,3,2019
58,2019-08-09,9,32,8,3,2019
59,2019-08-08,8,32,8,3,2019
60,2019-08-07,7,32,8,3,2019
61,2019-08-06,6,32,8,3,2019
62,2019-08-05,5,32,8,3,2019
63,2019-08-04,4,31,8,3,2019
64,2019-08-03,3,31,8,3,2019
65,2019-08-02,2,31,8,3,2019
66,2019-08-01,1,31,8,3,2019
67,2019-07-31,31,31,7,3,2019
68,2019-07-30,30,31,7,3,2019
69,2019-07-29,29,31,7,3,2019
70,2019-07-28,28,30,7,3,2019
71,2019-07-27,27,30,7,3,2019
72,2019-07-26,26,30,7,3,2019
73,2019-07-25,25,30,7,3,2019
74,2019-07-24,24,30,7,3,2019
75,2019-07-23,23,30,7,3,2019
76,2019-07-22,22,30,7,3,2019
77,2019-07-21,21,29,7,3,2019
78,2019-07-20,20,29,7,3,2019
79,2019-07-19,19,29,7,3,2019
80,2019-07-18,18,29,7,3,2019
81,2019-07-17,17,29,7,3,2019
82,2019-07-16,16,29,7,3,2019
83,2019-07-15,15,29,7,3,2019
84,2019-07-14,14,28,7,3,2019
85,2019-07-13,13,28,7,3,2019
86,2019-07-12,12,28,7,3,2019
87,2019-07-11,11,28,7,3,2019
88,2019-07-10,10,28,7,3,2019
89,2019-07-09,9,28,7,3,2019
90,2019-07-08,8,28,7,3,2019
91,2019-07-07,7,27,7,3,2019
92,2019-07-06,6,27,7,3,2019
93,2019-07-05,5,27,7,3,2019
94,2019-07-04,4,27,7,3,2019
95,2019-07-03,3,27,7,3,2019
96,2019-07-02,2,27,7,3,2019
97,2019-07-01,1,27,7,3,2019
98,2019-06-30,30,26,6,2,2019
99,2019-06-29,29,26,6,2,2019
100,2019-06-28,28,26,6,2,2019
101,2019-06-27,27,26,6,2,2019
102,2019-06-26,26,26,6,2,2019
103,2019-06-25,25,26,6,2,2019
104,2019-06-24,24,26,6,2,2019
105,2019-06-23,23,25,6,2,2019
106,2019-06-22,22,25,6,2,2019
107,2019-06-21,21,25,6,2,2019
108,2019-06-20,20,25,6,2,2019
109,2019-06-19,19,25,6,2,2019
110,2019-06-18,18,25,6,2,2019
111,2019-06-17,17,25,6,2,2019
112,2019-06-16,16,24,6,2,2019
113,2019-06-15,15,24,6,2,2019
114,2019-06-14,14,24,6,2,2019
115,2019-06-13,13,24,6,2,2019
116,2019-06-12,12,24,6,2,2019
117,2019-06-11,11,24,6,2,2019
118,2019-06-10,10,24,6,2,2019
119,2019-06-09,9,23,6,2,2019
120,2019-06-08,8,23,6,2,2019
121,2019-06-07,7,23,6,2,2019
122,2019-06-06,6,23,6,2,2019
123,2019-06-05,5,23,6,2,2019
124,2019-06-04,4,23,6,2,2019
125,2019-06-03,3,23,6,2,2019
126,2019-06-02,2,22,6,2,2019
127,2019-06-01,1,22,6,2,2019
128,2019-05-31,31,22,5,2,2019
129,2019-05-30,30,22,5,2,2019
130,2019-05-29,29,22,5,2,2019
131,2019-05-28,28,22,5,2,2019
132,2019-05-27,27,22,5,2,2019
133,2019-05-26,26,21,5,2,2019
134,2019-05-25,25,21,5,2,2019
135,2019-05-24,24,21,5,2,2019
136,2019-05-23,23,21,5,2,2019
137,2019-05-22,22,21,5,2,2019
138,2019-05-21,21,21,5,2,2019
139,2019-05-20,20,21,5,2,2019
140,2019-05-19,19,20,5,2,2019
141,2019-05-18,18,20,5,2,2019
142,2019-05-17,17,20,5,2,2019
143,2019-05-16,16,20,5,2,2019
144,2019-05-15,15,20,5,2,2019
145,2019-05-14,14,20,5,2,2019
146,2019-05-13,13,20,5,2,2019
147,2019-05-12,12,19,5,2,2019
148,2019-05-11,11,19,5,2,2019
149,2019-05-10,10,19,5,2,2019
150,2019-05-09,9,19,5,2,2019
151,2019-05-08,8,19,5,2,2019
152,2019-05-07,7,19,5,2,2019
153,2019-05-06,6,19,5,2,2019
154,2019-05-05,5,18,5,2,2019
155,2019-05-04,4,18,5,2,2019
156,2019-05-03,3,18,5,2,2019
157,2019-05-02,2,18,5,2,2019
158,2019-05-01,1,18,5,2,2019
159,2019-04-30,30,18,4,2,2019
160,2019-04-29,29,18,4,2,2019
161,2019-04-28,28,17,4,2,2019
162,2019-04-27,27,17,4,2,2019
163,2019-04-26,26,17,4,2,2019
164,2019-04-25,25,17,4,2,2019
165,2019-04-24,24,17,4,2,2019
166,2019-04-23,23,17,4,2,2019
167,2019-04-22,22,17,4,2,2019
168,2019-04-21,21,16,4,2,2019
169,2019-04-20,20,16,4,2,2019
170,2019-04-19,19,16,4,2,2019
171,2019-04-18,18,16,4,2,2019
172,2019-04-17,17,16,4,2,2019
173,2019-04-16,16,16,4,2,2019
174,2019-04-15,15,16,4,2,2019
175,2019-04-14,14,15,4,2,2019
176,2019-04-13,13,15,4,2,2019
177,2019-04-12,12,15,4,2,2019
178,2019-04-11,11,15,4,2,2019
179,2019-04-10,10,15,4,2,2019
180,2019-04-09,9,15,4,2,2019
181,2019-04-08,8,15,4,2,2019
182,2019-04-07,7,14,4,2,2019
183,2019-04-06,6,14,4,2,2019
184,2019-04-05,5,14,4,2,2019
185,2019-04-04,4,14,4,2,2019
186,2019-04-03,3,14,4,2,2019
187,2019-04-02,2,14,4,2,2019
188,2019-04-01,1,14,4,2,2019
189,2019-03-31,31,13,3,1,2019
190,2019-03-30,30,13,3,1,2019
191,2019-03-29,29,13,3,1,2019
192,2019-03-28,28,13,3,1,2019
193,2019-03-27,27,13,3,1,2019
194,2019-03-26,26,13,3,1,2019
195,2019-03-25,25,13,3,1,2019
196,2019-03-24,24,12,3,1,2019
197,2019-03-23,23,12,3,1,2019
198,2019-03-22,22,12,3,1,2019
199,2019-03-21,21,12,3,1,2019
200,2019-03-20,20,12,3,1,2019
201,2019-03-19,19,12,3,1,2019
202,2019-03-18,18,12,3,1,2019
203,2019-03-17,17,11,3,1,2019
204,2019-03-16,16,11,3,1,2019
205,2019-03-15,15,11,3,1,2019
206,2019-03-14,14,11,3,1,2019
207,2019-03-13,13,11,3,1,2019
208,2019-03-12,12,11,3,1,2019
209,2019-03-11,11,11,3,1,2019
210,2019-03-10,10,10,3,1,2019
211,2019-03-09,9,10,3,1,2019
212,2019-03-08,8,10,3,1,2019
213,2019-03-07,7,10,3,1,2019
214,2019-03-06,6,10,3,1,2019
215,2019-03-05,5,10,3,1,2019
216,2019-03-04,4,10,3,1,2019
217,2019-03-03,3,9,3,1,2019
218,2019-03-02,2,9,3,1,2019
219,2019-03-01,1,9,3,1,2019
220,2019-02-28,28,9,2,1,2019
221,2019-02-27,27,9,2,1,2019
222,2019-02-26,26,9,2,1,2019
223,2019-02-25,25,9,2,1,2019
224,2019-02-24,24,8,2,1,2019
225,2019-02-23,23,8,2,1,2019
226,2019-02-22,22,8,2,1,2019
227,2019-02-21,21,8,2,1,2019
228,2019-02-20,20,8,2,1,2019
229,2019-02-19,19,8,2,1,2019
230,2019-02-18,18,8,2,1,2019
231,2019-02-17,17,7,2,1,2019
232,2019-02-16,16,7,2,1,2019
233,2019-02-15,15,7,2,1,2019
234,2019-02-14,14,7,2,1,2019
235,2019-02-13,13,7,2,1,2019
236,2019-02-12,12,7,2,1,2019
237,2019-02-11,11,7,2,1,2019
238,2019-02-10,10,6,2,1,2019
239,2019-02-09,9,6,2,1,2019
240,2019-02-08,8,6,2,1,2019
241,2019-02-07,7,6,2,1,2019
242,2019-02-06,6,6,2,1,2019
243,2019-02-05,5,6,2,1,2019
244,2019-02-04,4,6,2,1,2019
245,2019-02-03,3,5,2,1,2019
246,2019-02-02,2,5,2,1,2019
247,2019-02-01,1,5,2,1,2019
248,2019-01-31,31,5,1,1,2019
249,2019-01-30,30,5,1,1,2019
250,2019-01-29,29,5,1,1,2019
251,2019-01-28,28,5,1,1,2019
252,2019-01-27,27,4,1,1,2019
253,2019-01-26,26,4,1,1,2019
254,2019-01-25,25,4,1,1,2019
255,2019-01-24,24,4,1,1,2019
256,2019-01-23,23,4,1,1,2019
257,2019-01-22,22,4,1,1,2019
258,2019-01-21,21,4,1,1,2019
259,2019-01-20,20,3,1,1,2019
260,2019-01-19,19,3,1,1,2019
261,2019-01-18,18,3,1,1,2019
262,2019-01-17,17,3,1,1,2019
263,2019-01-16,16,3,1,1,2019
264,2019-01-15,15,3,1,1,2019
265,2019-01-14,14,3,1,1,2019
266,2019-01-13,13,2,1,1,2019
267,2019-01-12,12,2,1,1,2019
268,2019-01-11,11,2,1,1,2019
269,2019-01-10,10,2,1,1,2019
270,2019-01-09,9,2,1,1,2019
271,2019-01-08,8,2,1,1,2019
272,2019-01-07,7,2,1,1,2019
273,2019-01-06,6,1,1,1,2019
274,2019-01-05,5,1,1,1,2019
275,2019-01-04,4,1,1,1,2019
276,2019-01-03,3,1,1,1,2019
277,2019-01-02,2,1,1,1,2019
278,2019-01-01,1,1,1,1,2019
279,2018-12-31,31,1,12,4,2018
280,2018-12-30,30,52,12,4,2018
281,2018-12-29,29,52,12,4,2018
282,2018-12-28,28,52,12,4,2018
283,2018-12-27,27,52,12,4,2018
284,2018-12-26,26,52,12,4,2018
285,2018-12-25,25,52,12,4,2018
286,2018-12-24,24,52,12,4,2018
287,2018-12-23,23,51,12,4,2018
288,2018-12-22,22,51,12,4,2018
289,2018-12-21,21,51,12,4,2018
290,2018-12-20,20,51,12,4,2018
291,2018-12-19,19,51,12,4,2018
292,2018-12-18,18,51,12,4,2018
293,2018-12-17,17,51,12,4,2018
294,2018-12-16,16,50,12,4,2018
295,2018-12-15,15,50,12,4,2018
296,2018-12-14,14,50,12,4,2018
297,2018-12-13,13,50,12,4,2018
298,2018-12-12,12,50,12,4,2018
299,2018-12-11,11,50,12,4,2018
300,2018-12-10,10,50,12,4,2018
301,2018-12-09,9,49,12,4,2018
302,2018-12-08,8,49,12,4,2018
303,2018-12-07,7,49,12,4,2018
304,2018-12-06,6,49,12,4,2018
305,2018-12-05,5,49,12,4,2018
306,2018-12-04,4,49,12,4,2018
307,2018-12-03,3,49,12,4,2018
308,2018-12-02,2,48,12,4,2018
309,2018-12-01,1,48,12,4,2018
310,2018-11-30,30,48,11,4,2018
311,2018-11-29,29,48,11,4,2018
312,2018-11-28,28,48,11,4,2018
313,2018-11-27,27,48,11,4,2018
314,2018-11-26,26,48,11,4,2018
315,2018-11-25,25,47,11,4,2018
316,2018-11-24,24,47,11,4,2018
317,2018-11-23,23,47,11,4,2018
318,2018-11-22,22,47,11,4,2018
319,2018-11-21,21,47,11,4,2018
320,2018-11-20,20,47,11,4,2018
321,2018-11-19,19,47,11,4,2018
322,2018-11-18,18,46,11,4,2018
323,2018-11-17,17,46,11,4,2018
324,2018-11-16,16,46,11,4,2018
325,2018-11-15,15,46,11,4,2018
326,2018-11-14,14,46,11,4,2018
327,2018-11-13,13,46,11,4,2018
328,2018-11-12,12,46,11,4,2018
329,2018-11-11,11,45,11,4,2018
330,2018-11-10,10,45,11,4,2018
331,2018-11-09,9,45,11,4,2018
332,2018-11-08,8,45,11,4,2018
333,2018-11-07,7,45,11,4,2018
334,2018-11-06,6,45,11,4,2018
335,2018-11-05,5,45,11,4,2018
336,2018-11-04,4,44,11,4,2018
337,2018-11-03,3,44,11,4,2018
338,2018-11-02,2,44,11,4,2018
339,2018-11-01,1,44,11,4,2018
340,2018-10-31,31,44,10,4,2018
341,2018-10-30,30,44,10,4,2018
342,2018-10-29,29,44,10,4,2018
343,2018-10-28,28,43,10,4,2018
344,2018-10-27,27,43,10,4,2018
345,2018-10-26,26,43,10,4,2018
346,2018-10-25,25,43,10,4,2018
347,2018-10-24,24,43,10,4,2018
348,2018-10-23,23,43,10,4,2018
349,2018-10-22,22,43,10,4,2018
350,2018-10-21,21,42,10,4,2018
351,2018-10-20,20,42,10,4,2018
352,2018-10-19,19,42,10,4,2018
353,2018-10-18,18,42,10,4,2018
354,2018-10-17,17,42,10,4,2018
355,2018-10-16,16,42,10,4,2018
356,2018-10-15,15,42,10,4,2018
357,2018-10-14,14,41,10,4,2018
358,2018-10-13,13,41,10,4,2018
359,2018-10-12,12,41,10,4,2018
360,2018-10-11,11,41,10,4,2018
361,2018-10-10,10,41,10,4,2018
362,2018-10-09,9,41,10,4,2018
363,2018-10-08,8,41,10,4,2018
364,2018-10-07,7,40,10,4,2018
365,2018-10-06,6,40,10,4,2018
366,2018-10-05,5,40,10,4,2018
367,2018-10-04,4,40,10,4,2018
368,2018-10-03,3,40,10,4,2018
369,2018-10-02,2,40,10,4,2018
370,2018-10-01,1,40,10,4,2018
371,2018-09-30,30,39,9,3,2018
372,2018-09-29,29,39,9,3,2018
373,2018-09-28,28,39,9,3,2018
374,2018-09-27,27,39,9,3,2018
375,2018-09-26,26,39,9,3,2018
376,2018-09-25,25,39,9,3,2018
377,2018-09-24,24,39,9,3,2018
378,2018-09-23,23,38,9,3,2018
379,2018-09-22,22,38,9,3,2018
380,2018-09-21,21,38,9,3,2018
381,2018-09-20,20,38,9,3,2018
382,2018-09-19,19,38,9,3,2018
383,2018-09-18,18,38,9,3,2018
384,2018-09-17,17,38,9,3,2018
385,2018-09-16,16,37,9,3,2018
386,2018-09-15,15,37,9,3,2018
387,2018-09-14,14,37,9,3,2018
388,2018-09-13,13,37,9,3,2018
389,2018-09-12,12,37,9,3,2018
390,2018-09-11,11,37,9,3,2018
391,2018-09-10,10,37,9,3,2018
392,2018-09-09,9,36,9,3,2018
393,2018-09-08,8,36,9,3,2018
394,2018-09-07,7,36,9,3,2018
395,2018-09-06,6,36,9,3,2018
396,2018-09-05,5,36,9,3,2018
397,2018-09-04,4,36,9,3,2018
398,2018-09-03,3,36,9,3,2018
399,2018-09-02,2,35,9,3,2018
400,2018-09-01,1,35,9,3,2018
401,2018-08-31,31,35,8,3,2018
402,2018-08-30,30,35,8,3,2018
403,2018-08-29,29,35,8,3,2018
404,2018-08-28,28,35,8,3,2018
405,2018-08-27,27,35,8,3,2018
406,2018-08-26,26,34,8,3,2018
407,2018-08-25,25,34,8,3,2018
408,2018-08-24,24,34,8,3,2018
409,2018-08-23,23,34,8,3,2018
410,2018-08-22,22,34,8,3,2018
411,2018-08-21,21,34,8,3,2018
412,2018-08-20,20,34,8,3,2018
413,2018-08-19,19,33,8,3,2018
414,2018-08-18,18,33,8,3,2018
415,2018-08-17,17,33,8,3,2018
416,2018-08-16,16,33,8,3,2018
417,2018-08-15,15,33,8,3,2018
418,2018-08-14,14,33,8,3,2018
419,2018-08-13,13,33,8,3,2018
420,2018-08-12,12,32,8,3,2018
421,2018-08-11,11,32,8,3,2018
422,2018-08-10,10,32,8,3,2018
423,2018-08-09,9,32,8,3,2018
424,2018-08-08,8,32,8,3,2018
425,2018-08-07,7,32,8,3,2018
426,2018-08-06,6,32,8,3,2018
427,2018-08-05,5,31,8,3,2018
428,2018-08-04,4,31,8,3,2018
429,2018-08-03,3,31,8,3,2018
430,2018-08-02,2,31,8,3,2018
431,2018-08-01,1,31,8,3,2018
432,2018-07-31,31,31,7,3,2018
433,2018-07-30,30,31,7,3,2018
434,2018-07-29,29,30,7,3,2018
435,2018-07-28,28,30,7,3,2018
436,2018-07-27,27,30,7,3,2018
437,2018-07-26,26,30,7,3,2018
438,2018-07-25,25,30,7,3,2018
439,2018-07-24,24,30,7,3,2018
440,2018-07-23,23,30,7,3,2018
441,2018-07-22,22,29,7,3,2018
442,2018-07-21,21,29,7,3,2018
443,2018-07-20,20,29,7,3,2018
444,2018-07-19,19,29,7,3,2018
445,2018-07-18,18,29,7,3,2018
446,2018-07-17,17,29,7,3,2018
447,2018-07-16,16,29,7,3,2018
448,2018-07-15,15,28,7,3,2018
449,2018-07-14,14,28,7,3,2018
450,2018-07-13,13,28,7,3,2018
451,2018-07-12,12,28,7,3,2018
452,2018-07-11,11,28,7,3,2018
453,2018-07-10,10,28,7,3,2018
454,2018-07-09,9,28,7,3,2018
455,2018-07-08,8,27,7,3,2018
456,2018-07-07,7,27,7,3,2018
457,2018-07-06,6,27,7,3,2018
458,2018-07-05,5,27,7,3,2018
459,2018-07-04,4,27,7,3,2018
460,2018-07-03,3,27,7,3,2018
461,2018-07-02,2,27,7,3,2018
462,2018-07-01,1,26,7,3,2018
463,2018-06-30,30,26,6,2,2018
464,2018-06-29,29,26,6,2,2018
465,2018-06-28,28,26,6,2,2018
466,2018-06-27,27,26,6,2,2018
467,2018-06-26,26,26,6,2,2018
468,2018-06-25,25,26,6,2,2018
469,2018-06-24,24,25,6,2,2018
470,2018-06-23,23,25,6,2,2018
471,2018-06-22,22,25,6,2,2018
472,2018-06-21,21,25,6,2,2018
473,2018-06-20,20,25,6,2,2018
474,2018-06-19,19,25,6,2,2018
475,2018-06-18,18,25,6,2,2018
476,2018-06-17,17,24,6,2,2018
477,2018-06-16,16,24,6,2,2018
478,2018-06-15,15,24,6,2,2018
479,2018-06-14,14,24,6,2,2018
480,2018-06-13,13,24,6,2,2018
481,2018-06-12,12,24,6,2,2018
482,2018-06-11,11,24,6,2,2018
483,2018-06-10,10,23,6,2,2018
484,2018-06-09,9,23,6,2,2018
485,2018-06-08,8,23,6,2,2018
486,2018-06-07,7,23,6,2,2018
487,2018-06-06,6,23,6,2,2018
488,2018-06-05,5,23,6,2,2018
489,2018-06-04,4,23,6,2,2018
490,2018-06-03,3,22,6,2,2018
491,2018-06-02,2,22,6,2,2018
492,2018-06-01,1,22,6,2,2018
493,2018-05-31,31,22,5,2,2018
494,2018-05-30,30,22,5,2,2018
495,2018-05-29,29,22,5,2,2018
496,2018-05-28,28,22,5,2,2018
497,2018-05-27,27,21,5,2,2018
498,2018-05-26,26,21,5,2,2018
499,2018-05-25,25,21,5,2,2018
500,2018-05-24,24,21,5,2,2018
501,2018-05-23,23,21,5,2,2018
502,2018-05-22,22,21,5,2,2018
503,2018-05-21,21,21,5,2,2018
504,2018-05-20,20,20,5,2,2018
505,2018-05-19,19,20,5,2,2018
506,2018-05-18,18,20,5,2,2018
507,2018-05-17,17,20,5,2,2018
508,2018-05-16,16,20,5,2,2018
509,2018-05-15,15,20,5,2,2018
510,2018-05-14,14,20,5,2,2018
511,2018-05-13,13,19,5,2,2018
512,2018-05-12,12,19,5,2,2018
513,2018-05-11,11,19,5,2,2018
514,2018-05-10,10,19,5,2,2018
515,2018-05-09,9,19,5,2,2018
516,2018-05-08,8,19,5,2,2018
517,2018-05-07,7,19,5,2,2018
518,2018-05-06,6,18,5,2,2018
519,2018-05-05,5,18,5,2,2018
520,2018-05-04,4,18,5,2,2018
521,2018-05-03,3,18,5,2,2018
522,2018-05-02,2,18,5,2,2018
523,2018-05-01,1,18,5,2,2018
524,2018-04-30,30,18,4,2,2018
525,2018-04-29,29,17,4,2,2018
526,2018-04-28,28,17,4,2,2018
527,2018-04-27,27,17,4,2,2018
528,2018-04-26,26,17,4,2,2018
529,2018-04-25,25,17,4,2,2018
530,2018-04-24,24,17,4,2,2018
531,2018-04-23,23,17,4,2,2018
532,2018-04-22,22,16,4,2,2018
533,2018-04-21,21,16,4,2,2018
534,2018-04-20,20,16,4,2,2018
535,2018-04-19,19,16,4,2,2018
536,2018-04-18,18,16,4,2,2018
537,2018-04-17,17,16,4,2,2018
538,2018-04-16,16,16,4,2,2018
539,2018-04-15,15,15,4,2,2018
540,2018-04-14,14,15,4,2,2018
541,2018-04-13,13,15,4,2,2018
542,2018-04-12,12,15,4,2,2018
543,2018-04-11,11,15,4,2,2018
544,2018-04-10,10,15,4,2,2018
545,2018-04-09,9,15,4,2,2018
546,2018-04-08,8,14,4,2,2018
547,2018-04-07,7,14,4,2,2018
548,2018-04-06,6,14,4,2,2018
549,2018-04-05,5,14,4,2,2018
550,2018-04-04,4,14,4,2,2018
551,2018-04-03,3,14,4,2,2018
552,2018-04-02,2,14,4,2,2018
553,2018-04-01,1,13,4,2,2018
554,2018-03-31,31,13,3,1,2018
555,2018-03-30,30,13,3,1,2018
556,2018-03-29,29,13,3,1,2018
557,2018-03-28,28,13,3,1,2018
558,2018-03-27,27,13,3,1,2018
559,2018-03-26,26,13,3,1,2018
560,2018-03-25,25,12,3,1,2018
561,2018-03-24,24,12,3,1,2018
562,2018-03-23,23,12,3,1,2018
563,2018-03-22,22,12,3,1,2018
564,2018-03-21,21,12,3,1,2018
565,2018-03-20,20,12,3,1,2018
566,2018-03-19,19,12,3,1,2018
567,2018-03-18,18,11,3,1,2018
568,2018-03-17,17,11,3,1,2018
569,2018-03-16,16,11,3,1,2018
570,2018-03-15,15,11,3,1,2018
571,2018-03-14,14,11,3,1,2018
572,2018-03-13,13,11,3,1,2018
573,2018-03-12,12,11,3,1,2018
574,2018-03-11,11,10,3,1,2018
575,2018-03-10,10,10,3,1,2018
576,2018-03-09,9,10,3,1,2018
577,2018-03-08,8,10,3,1,2018
578,2018-03-07,7,10,3,1,2018
579,2018-03-06,6,10,3,1,2018
580,2018-03-05,5,10,3,1,2018
581,2018-03-04,4,9,3,1,2018
582,2018-03-03,3,9,3,1,2018
583,2018-03-02,2,9,3,1,2018
584,2018-03-01,1,9,3,1,2018
585,2018-02-28,28,9,2,1,2018
586,2018-02-27,27,9,2,1,2018
587,2018-02-26,26,9,2,1,2018
588,2018-02-25,25,8,2,1,2018
589,2018-02-24,24,8,2,1,2018
590,2018-02-23,23,8,2,1,2018
591,2018-02-22,22,8,2,1,2018
592,2018-02-21,21,8,2,1,2018
593,2018-02-20,20,8,2,1,2018
594,2018-02-19,19,8,2,1,2018
595,2018-02-18,18,7,2,1,2018
596,2018-02-17,17,7,2,1,2018
597,2018-02-16,16,7,2,1,2018
598,2018-02-15,15,7,2,1,2018
599,2018-02-14,14,7,2,1,2018
600,2018-02-13,13,7,2,1,2018
601,2018-02-12,12,7,2,1,2018
602,2018-02-11,11,6,2,1,2018
603,2018-02-10,10,6,2,1,2018
604,2018-02-09,9,6,2,1,2018
605,2018-02-08,8,6,2,1,2018
606,2018-02-07,7,6,2,1,2018
607,2018-02-06,6,6,2,1,2018
608,2018-02-05,5,6,2,1,2018
609,2018-02-04,4,5,2,1,2018
610,2018-02-03,3,5,2,1,2018
611,2018-02-02,2,5,2,1,2018
612,2018-02-01,1,5,2,1,2018
613,2018-01-31,31,5,1,1,2018
614,2018-01-30,30,5,1,1,2018
615,2018-01-29,29,5,1,1,2018
616,2018-01-28,28,4,1,1,2018
617,2018-01-27,27,4,1,1,2018
618,2018-01-26,26,4,1,1,2018
619,2018-01-25,25,4,1,1,2018
620,2018-01-24,24,4,1,1,2018
621,2018-01-23,23,4,1,1,2018
622,2018-01-22,22,4,1,1,2018
623,2018-01-21,21,3,1,1,2018
624,2018-01-20,20,3,1,1,2018
625,2018-01-19,19,3,1,1,2018
626,2018-01-18,18,3,1,1,2018
627,2018-01-17,17,3,1,1,2018
628,2018-01-16,16,3,1,1,2018
629,2018-01-15,15,3,1,1,2018
630,2018-01-14,14,2,1,1,2018
631,2018-01-13,13,2,1,1,2018
632,2018-01-12,12,2,1,1,2018
633,2018-01-11,11,2,1,1,2018
634,2018-01-10,10,2,1,1,2018
635,2018-01-09,9,2,1,1,2018
636,2018-01-08,8,2,1,1,2018
637,2018-01-07,7,1,1,1,2018
638,2018-01-06,6,1,1,1,2018
639,2018-01-05,5,1,1,1,2018
640,2018-01-04,4,1,1,1,2018
641,2018-01-03,3,1,1,1,2018
642,2018-01-02,2,1,1,1,2018
643,2018-01-01,1,1,1,1,2018
644,2017-12-31,31,52,12,4,2017
645,2017-12-30,30,52,12,4,2017
646,2017-12-29,29,52,12,4,2017
647,2017-12-28,28,52,12,4,2017
648,2017-12-27,27,52,12,4,2017
649,2017-12-26,26,52,12,4,2017
650,2017-12-25,25,52,12,4,2017
651,2017-12-24,24,51,12,4,2017
652,2017-12-23,23,51,12,4,2017
653,2017-12-22,22,51,12,4,2017
654,2017-12-21,21,51,12,4,2017
655,2017-12-20,20,51,12,4,2017
656,2017-12-19,19,51,12,4,2017
657,2017-12-18,18,51,12,4,2017
658,2017-12-17,17,50,12,4,2017
659,2017-12-16,16,50,12,4,2017
660,2017-12-15,15,50,12,4,2017
661,2017-12-14,14,50,12,4,2017
662,2017-12-13,13,50,12,4,2017
663,2017-12-12,12,50,12,4,2017
664,2017-12-11,11,50,12,4,2017
665,2017-12-10,10,49,12,4,2017
666,2017-12-09,9,49,12,4,2017
667,2017-12-08,8,49,12,4,2017
668,2017-12-07,7,49,12,4,2017
669,2017-12-06,6,49,12,4,2017
670,2017-12-05,5,49,12,4,2017
671,2017-12-04,4,49,12,4,2017
672,2017-12-03,3,48,12,4,2017
673,2017-12-02,2,48,12,4,2017
674,2017-12-01,1,48,12,4,2017
675,2017-11-30,30,48,11,4,2017
676,2017-11-29,29,48,11,4,2017
677,2017-11-28,28,48,11,4,2017
678,2017-11-27,27,48,11,4,2017
679,2017-11-26,26,47,11,4,2017
680,2017-11-25,25,47,11,4,2017
681,2017-11-24,24,47,11,4,2017
682,2017-11-23,23,47,11,4,2017
683,2017-11-22,22,47,11,4,2017
684,2017-11-21,21,47,11,4,2017
685,2017-11-20,20,47,11,4,2017
686,2017-11-19,19,46,11,4,2017
687,2017-11-18,18,46,11,4,2017
688,2017-11-17,17,46,11,4,2017
689,2017-11-16,16,46,11,4,2017
690,2017-11-15,15,46,11,4,2017
691,2017-11-14,14,46,11,4,2017
692,2017-11-13,13,46,11,4,2017
693,2017-11-12,12,45,11,4,2017
694,2017-11-11,11,45,11,4,2017
695,2017-11-10,10,45,11,4,2017
696,2017-11-09,9,45,11,4,2017
697,2017-11-08,8,45,11,4,2017
698,2017-11-07,7,45,11,4,2017
699,2017-11-06,6,45,11,4,2017
700,2017-11-05,5,44,11,4,2017
701,2017-11-04,4,44,11,4,2017
702,2017-11-03,3,44,11,4,2017
703,2017-11-02,2,44,11,4,2017
704,2017-11-01,1,44,11,4,2017
705,2017-10-31,31,44,10,4,2017
706,2017-10-30,30,44,10,4,2017
707,2017-10-29,29,43,10,4,2017
708,2017-10-28,28,43,10,4,2017
709,2017-10-27,27,43,10,4,2017
710,2017-10-26,26,43,10,4,2017
711,2017-10-25,25,43,10,4,2017
712,2017-10-24,24,43,10,4,2017
713,2017-10-23,23,43,10,4,2017
714,2017-10-22,22,42,10,4,2017
715,2017-10-21,21,42,10,4,2017
716,2017-10-20,20,42,10,4,2017
717,2017-10-19,19,42,10,4,2017
718,2017-10-18,18,42,10,4,2017
719,2017-10-17,17,42,10,4,2017
720,2017-10-16,16,42,10,4,2017
721,2017-10-15,15,41,10,4,2017
722,2017-10-14,14,41,10,4,2017
723,2017-10-13,13,41,10,4,2017
724,2017-10-12,12,41,10,4,2017
725,2017-10-11,11,41,10,4,2017
726,2017-10-10,10,41,10,4,2017
727,2017-10-09,9,41,10,4,2017
728,2017-10-08,8,40,10,4,2017
729,2017-10-07,7,40,10,4,2017
730,2017-10-06,6,40,10,4,2017
731,2017-10-05,5,40,10,4,2017
732,2017-10-04,4,40,10,4,2017
733,2017-10-03,3,40,10,4,2017
734,2017-10-02,2,40,10,4,2017
735,2017-10-01,1,39,10,4,2017
736,2017-09-30,30,39,9,3,2017
737,2017-09-29,29,39,9,3,2017
738,2017-09-28,28,39,9,3,2017
739,2017-09-27,27,39,9,3,2017
740,2017-09-26,26,39,9,3,2017
741,2017-09-25,25,39,9,3,2017
742,2017-09-24,24,38,9,3,2017
743,2017-09-23,23,38,9,3,2017
744,2017-09-22,22,38,9,3,2017
745,2017-09-21,21,38,9,3,2017
746,2017-09-20,20,38,9,3,2017
747,2017-09-19,19,38,9,3,2017
748,2017-09-18,18,38,9,3,2017
749,2017-09-17,17,37,9,3,2017
750,2017-09-16,16,37,9,3,2017
751,2017-09-15,15,37,9,3,2017
752,2017-09-14,14,37,9,3,2017
753,2017-09-13,13,37,9,3,2017
754,2017-09-12,12,37,9,3,2017
755,2017-09-11,11,37,9,3,2017
756,2017-09-10,10,36,9,3,2017
757,2017-09-09,9,36,9,3,2017
758,2017-09-08,8,36,9,3,2017
759,2017-09-07,7,36,9,3,2017
760,2017-09-06,6,36,9,3,2017
761,2017-09-05,5,36,9,3,2017
762,2017-09-04,4,36,9,3,2017
763,2017-09-03,3,35,9,3,2017
764,2017-09-02,2,35,9,3,2017
765,2017-09-01,1,35,9,3,2017
766,2017-08-31,31,35,8,3,2017
767,2017-08-30,30,35,8,3,2017
768,2017-08-29,29,35,8,3,2017
769,2017-08-28,28,35,8,3,2017
770,2017-08-27,27,34,8,3,2017
771,2017-08-26,26,34,8,3,2017
772,2017-08-25,25,34,8,3,2017
773,2017-08-24,24,34,8,3,2017
774,2017-08-23,23,34,8,3,2017
775,2017-08-22,22,34,8,3,2017
776,2017-08-21,21,34,8,3,2017
777,2017-08-20,20,33,8,3,2017
778,2017-08-19,19,33,8,3,2017
779,2017-08-18,18,33,8,3,2017
780,2017-08-17,17,33,8,3,2017
781,2017-08-16,16,33,8,3,2017
782,2017-08-15,15,33,8,3,2017
783,2017-08-14,14,33,8,3,2017
784,2017-08-13,13,32,8,3,2017
785,2017-08-12,12,32,8,3,2017
786,2017-08-11,11,32,8,3,2017
787,2017-08-10,10,32,8,3,2017
788,2017-08-09,9,32,8,3,2017
789,2017-08-08,8,32,8,3,2017
790,2017-08-07,7,32,8,3,2017
791,2017-08-06,6,31,8,3,2017
792,2017-08-05,5,31,8,3,2017
793,2017-08-04,4,31,8,3,2017
794,2017-08-03,3,31,8,3,2017
795,2017-08-02,2,31,8,3,2017
796,2017-08-01,1,31,8,3,2017
797,2017-07-31,31,31,7,3,2017
798,2017-07-30,30,30,7,3,2017
799,2017-07-29,29,30,7,3,2017
800,2017-07-28,28,30,7,3,2017
801,2017-07-27,27,30,7,3,2017
802,2017-07-26,26,30,7,3,2017
803,2017-07-25,25,30,7,3,2017
804,2017-07-24,24,30,7,3,2017
805,2017-07-23,23,29,7,3,2017
806,2017-07-22,22,29,7,3,2017
807,2017-07-21,21,29,7,3,2017
808,2017-07-20,20,29,7,3,2017
809,2017-07-19,19,29,7,3,2017
810,2017-07-18,18,29,7,3,2017
811,2017-07-17,17,29,7,3,2017
812,2017-07-16,16,28,7,3,2017
813,2017-07-15,15,28,7,3,2017
814,2017-07-14,14,28,7,3,2017
815,2017-07-13,13,28,7,3,2017
816,2017-07-12,12,28,7,3,2017
817,2017-07-11,11,28,7,3,2017
818,2017-07-10,10,28,7,3,2017
819,2017-07-09,9,27,7,3,2017
820,2017-07-08,8,27,7,3,2017
821,2017-07-07,7,27,7,3,2017
822,2017-07-06,6,27,7,3,2017
823,2017-07-05,5,27,7,3,2017
824,2017-07-04,4,27,7,3,2017
825,2017-07-03,3,27,7,3,2017
826,2017-07-02,2,26,7,3,2017
827,2017-07-01,1,26,7,3,2017
828,2017-06-30,30,26,6,2,2017
829,2017-06-29,29,26,6,2,2017
830,2017-06-28,28,26,6,2,2017
831,2017-06-27,27,26,6,2,2017
832,2017-06-26,26,26,6,2,2017
833,2017-06-25,25,25,6,2,2017
834,2017-06-24,24,25,6,2,2017
835,2017-06-23,23,25,6,2,2017
836,2017-06-22,22,25,6,2,2017
837,2017-06-21,21,25,6,2,2017
838,2017-06-20,20,25,6,2,2017
839,2017-06-19,19,25,6,2,2017
840,2017-06-18,18,24,6,2,2017
841,2017-06-17,17,24,6,2,2017
842,2017-06-16,16,24,6,2,2017
843,2017-06-15,15,24,6,2,2017
844,2017-06-14,14,24,6,2,2017
845,2017-06-13,13,24,6,2,2017
846,2017-06-12,12,24,6,2,2017
847,2017-06-11,11,23,6,2,2017
848,2017-06-10,10,23,6,2,2017
849,2017-06-09,9,23,6,2,2017
850,2017-06-08,8,23,6,2,2017
851,2017-06-07,7,23,6,2,2017
852,2017-06-06,6,23,6,2,2017
853,2017-06-05,5,23,6,2,2017
854,2017-06-04,4,22,6,2,2017
855,2017-06-03,3,22,6,2,2017
856,2017-06-02,2,22,6,2,2017
857,2017-06-01,1,22,6,2,2017
858,2017-05-31,31,22,5,2,2017
859,2017-05-30,30,22,5,2,2017
860,2017-05-29,29,22,5,2,2017
861,2017-05-28,28,21,5,2,2017
862,2017-05-27,27,21,5,2,2017
863,2017-05-26,26,21,5,2,2017
864,2017-05-25,25,21,5,2,2017
865,2017-05-24,24,21,5,2,2017
866,2017-05-23,23,21,5,2,2017
867,2017-05-22,22,21,5,2,2017
868,2017-05-21,21,20,5,2,2017
869,2017-05-20,20,20,5,2,2017
870,2017-05-19,19,20,5,2,2017
871,2017-05-18,18,20,5,2,2017
872,2017-05-17,17,20,5,2,2017
873,2017-05-16,16,20,5,2,2017
874,2017-05-15,15,20,5,2,2017
875,2017-05-14,14,19,5,2,2017
876,2017-05-13,13,19,5,2,2017
877,2017-05-12,12,19,5,2,2017
878,2017-05-11,11,19,5,2,2017
879,2017-05-10,10,19,5,2,2017
880,2017-05-09,9,19,5,2,2017
881,2017-05-08,8,19,5,2,2017
882,2017-05-07,7,18,5,2,2017
883,2017-05-06,6,18,5,2,2017
884,2017-05-05,5,18,5,2,2017
885,2017-05-04,4,18,5,2,2017
886,2017-05-03,3,18,5,2,2017
887,2017-05-02,2,18,5,2,2017
888,2017-05-01,1,18,5,2,2017
889,2017-04-30,30,17,4,2,2017
890,2017-04-29,29,17,4,2,2017
891,2017-04-28,28,17,4,2,2017
892,2017-04-27,27,17,4,2,2017
893,2017-04-26,26,17,4,2,2017
894,2017-04-25,25,17,4,2,2017
895,2017-04-24,24,17,4,2,2017
896,2017-04-23,23,16,4,2,2017
897,2017-04-22,22,16,4,2,2017
898,2017-04-21,21,16,4,2,2017
899,2017-04-20,20,16,4,2,2017
900,2017-04-19,19,16,4,2,2017
901,2017-04-18,18,16,4,2,2017
902,2017-04-17,17,16,4,2,2017
903,2017-04-16,16,15,4,2,2017
904,2017-04-15,15,15,4,2,2017
905,2017-04-14,14,15,4,2,2017
906,2017-04-13,13,15,4,2,2017
907,2017-04-12,12,15,4,2,2017
908,2017-04-11,11,15,4,2,2017
909,2017-04-10,10,15,4,2,2017
910,2017-04-09,9,14,4,2,2017
911,2017-04-08,8,14,4,2,2017
912,2017-04-07,7,14,4,2,2017
913,2017-04-06,6,14,4,2,2017
914,2017-04-05,5,14,4,2,2017
915,2017-04-04,4,14,4,2,2017
916,2017-04-03,3,14,4,2,2017
917,2017-04-02,2,13,4,2,2017
918,2017-04-01,1,13,4,2,2017
919,2017-03-31,31,13,3,1,2017
920,2017-03-30,30,13,3,1,2017
921,2017-03-29,29,13,3,1,2017
922,2017-03-28,28,13,3,1,2017
923,2017-03-27,27,13,3,1,2017
924,2017-03-26,26,12,3,1,2017
925,2017-03-25,25,12,3,1,2017
926,2017-03-24,24,12,3,1,2017
927,2017-03-23,23,12,3,1,2017
928,2017-03-22,22,12,3,1,2017
929,2017-03-21,21,12,3,1,2017
930,2017-03-20,20,12,3,1,2017
931,2017-03-19,19,11,3,1,2017
932,2017-03-18,18,11,3,1,2017
933,2017-03-17,17,11,3,1,2017
934,2017-03-16,16,11,3,1,2017
935,2017-03-15,15,11,3,1,2017
936,2017-03-14,14,11,3,1,2017
937,2017-03-13,13,11,3,1,2017
938,2017-03-12,12,10,3,1,2017
939,2017-03-11,11,10,3,1,2017
940,2017-03-10,10,10,3,1,2017
941,2017-03-09,9,10,3,1,2017
942,2017-03-08,8,10,3,1,2017
943,2017-03-07,7,10,3,1,2017
944,2017-03-06,6,10,3,1,2017
945,2017-03-05,5,9,3,1,2017
946,2017-03-04,4,9,3,1,2017
947,2017-03-03,3,9,3,1,2017
948,2017-03-02,2,9,3,1,2017
949,2017-03-01,1,9,3,1,2017
950,2017-02-28,28,9,2,1,2017
951,2017-02-27,27,9,2,1,2017
952,2017-02-26,26,8,2,1,2017
953,2017-02-25,25,8,2,1,2017
954,2017-02-24,24,8,2,1,2017
955,2017-02-23,23,8,2,1,2017
956,2017-02-22,22,8,2,1,2017
957,2017-02-21,21,8,2,1,2017
958,2017-02-20,20,8,2,1,2017
959,2017-02-19,19,7,2,1,2017
960,2017-02-18,18,7,2,1,2017
961,2017-02-17,17,7,2,1,2017
962,2017-02-16,16,7,2,1,2017
963,2017-02-15,15,7,2,1,2017
964,2017-02-14,14,7,2,1,2017
965,2017-02-13,13,7,2,1,2017
966,2017-02-12,12,6,2,1,2017
967,2017-02-11,11,6,2,1,2017
968,2017-02-10,10,6,2,1,2017
969,2017-02-09,9,6,2,1,2017
970,2017-02-08,8,6,2,1,2017
971,2017-02-07,7,6,2,1,2017
972,2017-02-06,6,6,2,1,2017
973,2017-02-05,5,5,2,1,2017
974,2017-02-04,4,5,2,1,2017
975,2017-02-03,3,5,2,1,2017
976,2017-02-02,2,5,2,1,2017
977,2017-02-01,1,5,2,1,2017
978,2017-01-31,31,5,1,1,2017
979,2017-01-30,30,5,1,1,2017
980,2017-01-29,29,4,1,1,2017
981,2017-01-28,28,4,1,1,2017
982,2017-01-27,27,4,1,1,2017
983,2017-01-26,26,4,1,1,2017
984,2017-01-25,25,4,1,1,2017
985,2017-01-24,24,4,1,1,2017
986,2017-01-23,23,4,1,1,2017
987,2017-01-22,22,3,1,1,2017
988,2017-01-21,21,3,1,1,2017
989,2017-01-20,20,3,1,1,2017
990,2017-01-19,19,3,1,1,2017
991,2017-01-18,18,3,1,1,2017
992,2017-01-17,17,3,1,1,2017
993,2017-01-16,16,3,1,1,2017
994,2017-01-15,15,2,1,1,2017
995,2017-01-14,14,2,1,1,2017
996,2017-01-13,13,2,1,1,2017
997,2017-01-12,12,2,1,1,2017
998,2017-01-11,11,2,1,1,2017
999,2017-01-10,10,2,1,1,2017
1000,2017-01-09,9,2,1,1,2017
1001,2017-01-08,8,1,1,1,2017
1002,2017-01-07,7,1,1,1,2017
1003,2017-01-06,6,1,1,1,2017
1004,2017-01-05,5,1,1,1,2017
1005,2017-01-04,4,1,1,1,2017
1006,2017-01-03,3,1,1,1,2017
1007,2017-01-02,2,1,1,1,2017
1008,2017-01-01,1,52,1,1,2017
1009,2016-12-31,31,52,12,4,2016
1010,2016-12-30,30,52,12,4,2016
1011,2016-12-29,29,52,12,4,2016
1012,2016-12-28,28,52,12,4,2016
1013,2016-12-27,27,52,12,4,2016
1014,2016-12-26,26,52,12,4,2016
1015,2016-12-25,25,51,12,4,2016
1016,2016-12-24,24,51,12,4,2016
1017,2016-12-23,23,51,12,4,2016
1018,2016-12-22,22,51,12,4,2016
1019,2016-12-21,21,51,12,4,2016
1020,2016-12-20,20,51,12,4,2016
1021,2016-12-19,19,51,12,4,2016
1022,2016-12-18,18,50,12,4,2016
1023,2016-12-17,17,50,12,4,2016
1024,2016-12-16,16,50,12,4,2016
1025,2016-12-15,15,50,12,4,2016
1026,2016-12-14,14,50,12,4,2016
1027,2016-12-13,13,50,12,4,2016
1028,2016-12-12,12,50,12,4,2016
1029,2016-12-11,11,49,12,4,2016
1030,2016-12-10,10,49,12,4,2016
1031,2016-12-09,9,49,12,4,2016
1032,2016-12-08,8,49,12,4,2016
1033,2016-12-07,7,49,12,4,2016
1034,2016-12-06,6,49,12,4,2016
1035,2016-12-05,5,49,12,4,2016
1036,2016-12-04,4,48,12,4,2016
1037,2016-12-03,3,48,12,4,2016
1038,2016-12-02,2,48,12,4,2016
1039,2016-12-01,1,48,12,4,2016
1040,2016-11-30,30,48,11,4,2016
1041,2016-11-29,29,48,11,4,2016
1042,2016-11-28,28,48,11,4,2016
1043,2016-11-27,27,47,11,4,2016
1044,2016-11-26,26,47,11,4,2016
1045,2016-11-25,25,47,11,4,2016
1046,2016-11-24,24,47,11,4,2016
1047,2016-11-23,23,47,11,4,2016
1048,2016-11-22,22,47,11,4,2016
1049,2016-11-21,21,47,11,4,2016
1050,2016-11-20,20,46,11,4,2016
1051,2016-11-19,19,46,11,4,2016
1052,2016-11-18,18,46,11,4,2016
1053,2016-11-17,17,46,11,4,2016
1054,2016-11-16,16,46,11,4,2016
1055,2016-11-15,15,46,11,4,2016
1056,2016-11-14,14,46,11,4,2016
1057,2016-11-13,13,45,11,4,2016
1058,2016-11-12,12,45,11,4,2016
1059,2016-11-11,11,45,11,4,2016
1060,2016-11-10,10,45,11,4,2016
1061,2016-11-09,9,45,11,4,2016
1062,2016-11-08,8,45,11,4,2016
1063,2016-11-07,7,45,11,4,2016
1064,2016-11-06,6,44,11,4,2016
1065,2016-11-05,5,44,11,4,2016
1066,2016-11-04,4,44,11,4,2016
1067,2016-11-03,3,44,11,4,2016
1068,2016-11-02,2,44,11,4,2016
1069,2016-11-01,1,44,11,4,2016
1070,2016-10-31,31,44,10,4,2016
1071,2016-10-30,30,43,10,4,2016
1072,2016-10-29,29,43,10,4,2016
1073,2016-10-28,28,43,10,4,2016
1074,2016-10-27,27,43,10,4,2016
1075,2016-10-26,26,43,10,4,2016
1076,2016-10-25,25,43,10,4,2016
1077,2016-10-24,24,43,10,4,2016
1078,2016-10-23,23,42,10,4,2016
1079,2016-10-22,22,42,10,4,2016
1080,2016-10-21,21,42,10,4,2016
1081,2016-10-20,20,42,10,4,2016
1082,2016-10-19,19,42,10,4,2016
1083,2016-10-18,18,42,10,4,2016
1084,2016-10-17,17,42,10,4,2016
1085,2016-10-16,16,41,10,4,2016
1086,2016-10-15,15,41,10,4,2016
1087,2016-10-14,14,41,10,4,2016
1088,2016-10-13,13,41,10,4,2016
1089,2016-10-12,12,41,10,4,2016
1090,2016-10-11,11,41,10,4,2016
1091,2016-10-10,10,41,10,4,2016
1092,2016-10-09,9,40,10,4,2016
1093,2016-10-08,8,40,10,4,2016
1094,2016-10-07,7,40,10,4,2016
1095,2016-10-06,6,40,10,4,2016
1096,2016-10-05,5,40,10,4,2016
1097,2016-10-04,4,40,10,4,2016
1098,2016-10-03,3,40,10,4,2016
1099,2016-10-02,2,39,10,4,2016
1100,2016-10-01,1,39,10,4,2016
1101,2016-09-30,30,39,9,3,2016
1102,2016-09-29,29,39,9,3,2016
1103,2016-09-28,28,39,9,3,2016
1104,2016-09-27,27,39,9,3,2016
1105,2016-09-26,26,39,9,3,2016
1106,2016-09-25,25,38,9,3,2016
1107,2016-09-24,24,38,9,3,2016
1108,2016-09-23,23,38,9,3,2016
1109,2016-09-22,22,38,9,3,2016
1110,2016-09-21,21,38,9,3,2016
1111,2016-09-20,20,38,9,3,2016
1112,2016-09-19,19,38,9,3,2016
1113,2016-09-18,18,37,9,3,2016
1114,2016-09-17,17,37,9,3,2016
1115,2016-09-16,16,37,9,3,2016
1116,2016-09-15,15,37,9,3,2016
1117,2016-09-14,14,37,9,3,2016
1118,2016-09-13,13,37,9,3,2016
1119,2016-09-12,12,37,9,3,2016
1120,2016-09-11,11,36,9,3,2016
1121,2016-09-10,10,36,9,3,2016
1122,2016-09-09,9,36,9,3,2016
1123,2016-09-08,8,36,9,3,2016
1124,2016-09-07,7,36,9,3,2016
1125,2016-09-06,6,36,9,3,2016
1126,2016-09-05,5,36,9,3,2016
1127,2016-09-04,4,35,9,3,2016
1128,2016-09-03,3,35,9,3,2016
1129,2016-09-02,2,35,9,3,2016
1130,2016-09-01,1,35,9,3,2016
1131,2016-08-31,31,35,8,3,2016
1132,2016-08-30,30,35,8,3,2016
1133,2016-08-29,29,35,8,3,2016
1134,2016-08-28,28,34,8,3,2016
1135,2016-08-27,27,34,8,3,2016
1136,2016-08-26,26,34,8,3,2016
1137,2016-08-25,25,34,8,3,2016
1138,2016-08-24,24,34,8,3,2016
1139,2016-08-23,23,34,8,3,2016
1140,2016-08-22,22,34,8,3,2016
1141,2016-08-21,21,33,8,3,2016
1142,2016-08-20,20,33,8,3,2016
1143,2016-08-19,19,33,8,3,2016
1144,2016-08-18,18,33,8,3,2016
1145,2016-08-17,17,33,8,3,2016
1146,2016-08-16,16,33,8,3,2016
1147,2016-08-15,15,33,8,3,2016
1148,2016-08-14,14,32,8,3,2016
1149,2016-08-13,13,32,8,3,2016
1150,2016-08-12,12,32,8,3,2016
1151,2016-08-11,11,32,8,3,2016
1152,2016-08-10,10,32,8,3,2016
1153,2016-08-09,9,32,8,3,2016
1154,2016-08-08,8,32,8,3,2016
1155,2016-08-07,7,31,8,3,2016
1156,2016-08-06,6,31,8,3,2016
1157,2016-08-05,5,31,8,3,2016
1158,2016-08-04,4,31,8,3,2016
1159,2016-08-03,3,31,8,3,2016
1160,2016-08-02,2,31,8,3,2016
1161,2016-08-01,1,31,8,3,2016
1162,2016-07-31,31,30,7,3,2016
1163,2016-07-30,30,30,7,3,2016
1164,2016-07-29,29,30,7,3,2016
1165,2016-07-28,28,30,7,3,2016
1166,2016-07-27,27,30,7,3,2016
1167,2016-07-26,26,30,7,3,2016
1168,2016-07-25,25,30,7,3,2016
1169,2016-07-24,24,29,7,3,2016
1170,2016-07-23,23,29,7,3,2016
1171,2016-07-22,22,29,7,3,2016
1172,2016-07-21,21,29,7,3,2016
1173,2016-07-20,20,29,7,3,2016
1174,2016-07-19,19,29,7,3,2016
1175,2016-07-18,18,29,7,3,2016
1176,2016-07-17,17,28,7,3,2016
1177,2016-07-16,16,28,7,3,2016
1178,2016-07-15,15,28,7,3,2016
1179,2016-07-14,14,28,7,3,2016
1180,2016-07-13,13,28,7,3,2016
1181,2016-07-12,12,28,7,3,2016
1182,2016-07-11,11,28,7,3,2016
1183,2016-07-10,10,27,7,3,2016
1184,2016-07-09,9,27,7,3,2016
1185,2016-07-08,8,27,7,3,2016
1186,2016-07-07,7,27,7,3,2016
1187,2016-07-06,6,27,7,3,2016
1188,2016-07-05,5,27,7,3,2016
1189,2016-07-04,4,27,7,3,2016
1190,2016-07-03,3,26,7,3,2016
1191,2016-07-02,2,26,7,3,2016
1192,2016-07-01,1,26,7,3,2016
1193,2016-06-30,30,26,6,2,2016
1194,2016-06-29,29,26,6,2,2016
1195,2016-06-28,28,26,6,2,2016
1196,2016-06-27,27,26,6,2,2016
1197,2016-06-26,26,25,6,2,2016
1198,2016-06-25,25,25,6,2,2016
1199,2016-06-24,24,25,6,2,2016
1200,2016-06-23,23,25,6,2,2016
1201,2016-06-22,22,25,6,2,2016
1202,2016-06-21,21,25,6,2,2016
1203,2016-06-20,20,25,6,2,2016
1204,2016-06-19,19,24,6,2,2016
1205,2016-06-18,18,24,6,2,2016
1206,2016-06-17,17,24,6,2,2016
1207,2016-06-16,16,24,6,2,2016
1208,2016-06-15,15,24,6,2,2016
1209,2016-06-14,14,24,6,2,2016
1210,2016-06-13,13,24,6,2,2016
1211,2016-06-12,12,23,6,2,2016
1212,2016-06-11,11,23,6,2,2016
1213,2016-06-10,10,23,6,2,2016
1214,2016-06-09,9,23,6,2,2016
1215,2016-06-08,8,23,6,2,2016
1216,2016-06-07,7,23,6,2,2016
1217,2016-06-06,6,23,6,2,2016
1218,2016-06-05,5,22,6,2,2016
1219,2016-06-04,4,22,6,2,2016
1220,2016-06-03,3,22,6,2,2016
1221,2016-06-02,2,22,6,2,2016
1222,2016-06-01,1,22,6,2,2016
1223,2016-05-31,31,22,5,2,2016
1224,2016-05-30,30,22,5,2,2016
1225,2016-05-29,29,21,5,2,2016
1226,2016-05-28,28,21,5,2,2016
1227,2016-05-27,27,21,5,2,2016
1228,2016-05-26,26,21,5,2,2016
1229,2016-05-25,25,21,5,2,2016
1230,2016-05-24,24,21,5,2,2016
1231,2016-05-23,23,21,5,2,2016
1232,2016-05-22,22,20,5,2,2016
1233,2016-05-21,21,20,5,2,2016
1234,2016-05-20,20,20,5,2,2016
1235,2016-05-19,19,20,5,2,2016
1236,2016-05-18,18,20,5,2,2016
1237,2016-05-17,17,20,5,2,2016
1238,2016-05-16,16,20,5,2,2016
1239,2016-05-15,15,19,5,2,2016
1240,2016-05-14,14,19,5,2,2016
1241,2016-05-13,13,19,5,2,2016
1242,2016-05-12,12,19,5,2,2016
1243,2016-05-11,11,19,5,2,2016
1244,2016-05-10,10,19,5,2,2016
1245,2016-05-09,9,19,5,2,2016
1246,2016-05-08,8,18,5,2,2016
1247,2016-05-07,7,18,5,2,2016
1248,2016-05-06,6,18,5,2,2016
1249,2016-05-05,5,18,5,2,2016
1250,2016-05-04,4,18,5,2,2016
1251,2016-05-03,3,18,5,2,2016
1252,2016-05-02,2,18,5,2,2016
1253,2016-05-01,1,17,5,2,2016
1254,2016-04-30,30,17,4,2,2016
1255,2016-04-29,29,17,4,2,2016
1256,2016-04-28,28,17,4,2,2016
1257,2016-04-27,27,17,4,2,2016
1258,2016-04-26,26,17,4,2,2016
1259,2016-04-25,25,17,4,2,2016
1260,2016-04-24,24,16,4,2,2016
1261,2016-04-23,23,16,4,2,2016
1262,2016-04-22,22,16,4,2,2016
1263,2016-04-21,21,16,4,2,2016
1264,2016-04-20,20,16,4,2,2016
1265,2016-04-19,19,16,4,2,2016
1266,2016-04-18,18,16,4,2,2016
1267,2016-04-17,17,15,4,2,2016
1268,2016-04-16,16,15,4,2,2016
1269,2016-04-15,15,15,4,2,2016
1270,2016-04-14,14,15,4,2,2016
1271,2016-04-13,13,15,4,2,2016
1272,2016-04-12,12,15,4,2,2016
1273,2016-04-11,11,15,4,2,2016
1274,2016-04-10,10,14,4,2,2016
1275,2016-04-09,9,14,4,2,2016
1276,2016-04-08,8,14,4,2,2016
1277,2016-04-07,7,14,4,2,2016
1278,2016-04-06,6,14,4,2,2016
1279,2016-04-05,5,14,4,2,2016
1280,2016-04-04,4,14,4,2,2016
1281,2016-04-03,3,13,4,2,2016
1282,2016-04-02,2,13,4,2,2016
1283,2016-04-01,1,13,4,2,2016
1284,2016-03-31,31,13,3,1,2016
1285,2016-03-30,30,13,3,1,2016
1286,2016-03-29,29,13,3,1,2016
1287,2016-03-28,28,13,3,1,2016
1288,2016-03-27,27,12,3,1,2016
1289,2016-03-26,26,12,3,1,2016
1290,2016-03-25,25,12,3,1,2016
1291,2016-03-24,24,12,3,1,2016
1292,2016-03-23,23,12,3,1,2016
1293,2016-03-22,22,12,3,1,2016
1294,2016-03-21,21,12,3,1,2016
1295,2016-03-20,20,11,3,1,2016
1296,2016-03-19,19,11,3,1,2016
1297,2016-03-18,18,11,3,1,2016
1298,2016-03-17,17,11,3,1,2016
1299,2016-03-16,16,11,3,1,2016
1300,2016-03-15,15,11,3,1,2016
1301,2016-03-14,14,11,3,1,2016
1302,2016-03-13,13,10,3,1,2016
1303,2016-03-12,12,10,3,1,2016
1304,2016-03-11,11,10,3,1,2016
1305,2016-03-10,10,10,3,1,2016
1306,2016-03-09,9,10,3,1,2016
1307,2016-03-08,8,10,3,1,2016
1308,2016-03-07,7,10,3,1,2016
1309,2016-03-06,6,9,3,1,2016
1310,2016-03-05,5,9,3,1,2016
1311,2016-03-04,4,9,3,1,2016
1312,2016-03-03,3,9,3,1,2016
1313,2016-03-02,2,9,3,1,2016
1314,2016-03-01,1,9,3,1,2016
1315,2016-02-29,29,9,2,1,2016
1316,2016-02-28,28,8,2,1,2016
1317,2016-02-27,27,8,2,1,2016
1318,2016-02-26,26,8,2,1,2016
1319,2016-02-25,25,8,2,1,2016
1320,2016-02-24,24,8,2,1,2016
1321,2016-02-23,23,8,2,1,2016
1322,2016-02-22,22,8,2,1,2016
1323,2016-02-21,21,7,2,1,2016
1324,2016-02-20,20,7,2,1,2016
1325,2016-02-19,19,7,2,1,2016
1326,2016-02-18,18,7,2,1,2016
1327,2016-02-17,17,7,2,1,2016
1328,2016-02-16,16,7,2,1,2016
1329,2016-02-15,15,7,2,1,2016
1330,2016-02-14,14,6,2,1,2016
1331,2016-02-13,13,6,2,1,2016
1332,2016-02-12,12,6,2,1,2016
1333,2016-02-11,11,6,2,1,2016
1334,2016-02-10,10,6,2,1,2016
1335,2016-02-09,9,6,2,1,2016
1336,2016-02-08,8,6,2,1,2016
1337,2016-02-07,7,5,2,1,2016
1338,2016-02-06,6,5,2,1,2016
1339,2016-02-05,5,5,2,1,2016
1340,2016-02-04,4,5,2,1,2016
1341,2016-02-03,3,5,2,1,2016
1342,2016-02-02,2,5,2,1,2016
1343,2016-02-01,1,5,2,1,2016
1344,2016-01-31,31,4,1,1,2016
1345,2016-01-30,30,4,1,1,2016
1346,2016-01-29,29,4,1,1,2016
1347,2016-01-28,28,4,1,1,2016
1348,2016-01-27,27,4,1,1,2016
1349,2016-01-26,26,4,1,1,2016
1350,2016-01-25,25,4,1,1,2016
1351,2016-01-24,24,3,1,1,2016
1352,2016-01-23,23,3,1,1,2016
1353,2016-01-22,22,3,1,1,2016
1354,2016-01-21,21,3,1,1,2016
1355,2016-01-20,20,3,1,1,2016
1356,2016-01-19,19,3,1,1,2016
1357,2016-01-18,18,3,1,1,2016
1358,2016-01-17,17,2,1,1,2016
1359,2016-01-16,16,2,1,1,2016
1360,2016-01-15,15,2,1,1,2016
1361,2016-01-14,14,2,1,1,2016
1362,2016-01-13,13,2,1,1,2016
1363,2016-01-12,12,2,1,1,2016
1364,2016-01-11,11,2,1,1,2016
1365,2016-01-10,10,1,1,1,2016
1366,2016-01-09,9,1,1,1,2016
1367,2016-01-08,8,1,1,1,2016
1368,2016-01-07,7,1,1,1,2016
1369,2016-01-06,6,1,1,1,2016
1370,2016-01-05,5,1,1,1,2016
1371,2016-01-04,4,1,1,1,2016
1372,2016-01-03,3,53,1,1,2016
1373,2016-01-02,2,53,1,1,2016
1374,2016-01-01,1,53,1,1,2016
1375,2015-12-31,31,53,12,4,2015
1376,2015-12-30,30,53,12,4,2015
1377,2015-12-29,29,53,12,4,2015
1378,2015-12-28,28,53,12,4,2015
1379,2015-12-27,27,52,12,4,2015
1380,2015-12-26,26,52,12,4,2015
1381,2015-12-25,25,52,12,4,2015
1382,2015-12-24,24,52,12,4,2015
1383,2015-12-23,23,52,12,4,2015
1384,2015-12-22,22,52,12,4,2015
1385,2015-12-21,21,52,12,4,2015
1386,2015-12-20,20,51,12,4,2015
1387,2015-12-19,19,51,12,4,2015
1388,2015-12-18,18,51,12,4,2015
1389,2015-12-17,17,51,12,4,2015
1390,2015-12-16,16,51,12,4,2015
1391,2015-12-15,15,51,12,4,2015
1392,2015-12-14,14,51,12,4,2015
1393,2015-12-13,13,50,12,4,2015
1394,2015-12-12,12,50,12,4,2015
1395,2015-12-11,11,50,12,4,2015
1396,2015-12-10,10,50,12,4,2015
1397,2015-12-09,9,50,12,4,2015
1398,2015-12-08,8,50,12,4,2015
1399,2015-12-07,7,50,12,4,2015
1400,2015-12-06,6,49,12,4,2015
1401,2015-12-05,5,49,12,4,2015
1402,2015-12-04,4,49,12,4,2015
1403,2015-12-03,3,49,12,4,2015
1404,2015-12-02,2,49,12,4,2015
1405,2015-12-01,1,49,12,4,2015
1406,2015-11-30,30,49,11,4,2015
1407,2015-11-29,29,48,11,4,2015
1408,2015-11-28,28,48,11,4,2015
1409,2015-11-27,27,48,11,4,2015
1410,2015-11-26,26,48,11,4,2015
1411,2015-11-25,25,48,11,4,2015
1412,2015-11-24,24,48,11,4,2015
1413,2015-11-23,23,48,11,4,2015
1414,2015-11-22,22,47,11,4,2015
1415,2015-11-21,21,47,11,4,2015
1416,2015-11-20,20,47,11,4,2015
1417,2015-11-19,19,47,11,4,2015
1418,2015-11-18,18,47,11,4,2015
1419,2015-11-17,17,47,11,4,2015
1420,2015-11-16,16,47,11,4,2015
1421,2015-11-15,15,46,11,4,2015
1422,2015-11-14,14,46,11,4,2015
1423,2015-11-13,13,46,11,4,2015
1424,2015-11-12,12,46,11,4,2015
1425,2015-11-11,11,46,11,4,2015
1426,2015-11-10,10,46,11,4,2015
1427,2015-11-09,9,46,11,4,2015
1428,2015-11-08,8,45,11,4,2015
1429,2015-11-07,7,45,11,4,2015
1430,2015-11-06,6,45,11,4,2015
1431,2015-11-05,5,45,11,4,2015
1432,2015-11-04,4,45,11,4,2015
1433,2015-11-03,3,45,11,4,2015
1434,2015-11-02,2,45,11,4,2015
1435,2015-11-01,1,44,11,4,2015
1436,2015-10-31,31,44,10,4,2015
1437,2015-10-30,30,44,10,4,2015
1438,2015-10-29,29,44,10,4,2015
1439,2015-10-28,28,44,10,4,2015
1440,2015-10-27,27,44,10,4,2015
1441,2015-10-26,26,44,10,4,2015
1442,2015-10-25,25,43,10,4,2015
1443,2015-10-24,24,43,10,4,2015
1444,2015-10-23,23,43,10,4,2015
1445,2015-10-22,22,43,10,4,2015
1446,2015-10-21,21,43,10,4,2015
1447,2015-10-20,20,43,10,4,2015
1448,2015-10-19,19,43,10,4,2015
1449,2015-10-18,18,42,10,4,2015
1450,2015-10-17,17,42,10,4,2015
1451,2015-10-16,16,42,10,4,2015
1452,2015-10-15,15,42,10,4,2015
1453,2015-10-14,14,42,10,4,2015
1454,2015-10-13,13,42,10,4,2015
1455,2015-10-12,12,42,10,4,2015
1456,2015-10-11,11,41,10,4,2015
1457,2015-10-10,10,41,10,4,2015
1458,2015-10-09,9,41,10,4,2015
1459,2015-10-08,8,41,10,4,2015
1460,2015-10-07,7,41,10,4,2015
1461,2015-10-06,6,41,10,4,2015
1462,2015-10-05,5,41,10,4,2015
1463,2015-10-04,4,40,10,4,2015
1464,2015-10-03,3,40,10,4,2015
1465,2015-10-02,2,40,10,4,2015
1466,2015-10-01,1,40,10,4,2015
1467,2015-09-30,30,40,9,3,2015
1468,2015-09-29,29,40,9,3,2015
1469,2015-09-28,28,40,9,3,2015
1470,2015-09-27,27,39,9,3,2015
1471,2015-09-26,26,39,9,3,2015
1472,2015-09-25,25,39,9,3,2015
1473,2015-09-24,24,39,9,3,2015
1474,2015-09-23,23,39,9,3,2015
1475,2015-09-22,22,39,9,3,2015
1476,2015-09-21,21,39,9,3,2015
1477,2015-09-20,20,38,9,3,2015
1478,2015-09-19,19,38,9,3,2015
1479,2015-09-18,18,38,9,3,2015
1480,2015-09-17,17,38,9,3,2015
1481,2015-09-16,16,38,9,3,2015
1482,2015-09-15,15,38,9,3,2015
1483,2015-09-14,14,38,9,3,2015
1484,2015-09-13,13,37,9,3,2015
1485,2015-09-12,12,37,9,3,2015
1486,2015-09-11,11,37,9,3,2015
1487,2015-09-10,10,37,9,3,2015
1488,2015-09-09,9,37,9,3,2015
1489,2015-09-08,8,37,9,3,2015
1490,2015-09-07,7,37,9,3,2015
1491,2015-09-06,6,36,9,3,2015
1492,2015-09-05,5,36,9,3,2015
1493,2015-09-04,4,36,9,3,2015
1494,2015-09-03,3,36,9,3,2015
1495,2015-09-02,2,36,9,3,2015
1496,2015-09-01,1,36,9,3,2015
1497,2015-08-31,31,36,8,3,2015
1498,2015-08-30,30,35,8,3,2015
1499,2015-08-29,29,35,8,3,2015
1500,2015-08-28,28,35,8,3,2015
1501,2015-08-27,27,35,8,3,2015
1502,2015-08-26,26,35,8,3,2015
1503,2015-08-25,25,35,8,3,2015
1504,2015-08-24,24,35,8,3,2015
1505,2015-08-23,23,34,8,3,2015
1506,2015-08-22,22,34,8,3,2015
1507,2015-08-21,21,34,8,3,2015
1508,2015-08-20,20,34,8,3,2015
1509,2015-08-19,19,34,8,3,2015
1510,2015-08-18,18,34,8,3,2015
1511,2015-08-17,17,34,8,3,2015
1512,2015-08-16,16,33,8,3,2015
1513,2015-08-15,15,33,8,3,2015
1514,2015-08-14,14,33,8,3,2015
1515,2015-08-13,13,33,8,3,2015
1516,2015-08-12,12,33,8,3,2015
1517,2015-08-11,11,33,8,3,2015
1518,2015-08-10,10,33,8,3,2015
1519,2015-08-09,9,32,8,3,2015
1520,2015-08-08,8,32,8,3,2015
1521,2015-08-07,7,32,8,3,2015
1522,2015-08-06,6,32,8,3,2015
1523,2015-08-05,5,32,8,3,2015
1524,2015-08-04,4,32,8,3,2015
1525,2015-08-03,3,32,8,3,2015
1526,2015-08-02,2,31,8,3,2015
1527,2015-08-01,1,31,8,3,2015
1528,2015-07-31,31,31,7,3,2015
1529,2015-07-30,30,31,7,3,2015
1530,2015-07-29,29,31,7,3,2015
1531,2015-07-28,28,31,7,3,2015
1532,2015-07-27,27,31,7,3,2015
1533,2015-07-26,26,30,7,3,2015
1534,2015-07-25,25,30,7,3,2015
1535,2015-07-24,24,30,7,3,2015
1536,2015-07-23,23,30,7,3,2015
1537,2015-07-22,22,30,7,3,2015
1538,2015-07-21,21,30,7,3,2015
1539,2015-07-20,20,30,7,3,2015
1540,2015-07-19,19,29,7,3,2015
1541,2015-07-18,18,29,7,3,2015
1542,2015-07-17,17,29,7,3,2015
1543,2015-07-16,16,29,7,3,2015
1544,2015-07-15,15,29,7,3,2015
1545,2015-07-14,14,29,7,3,2015
1546,2015-07-13,13,29,7,3,2015
1547,2015-07-12,12,28,7,3,2015
1548,2015-07-11,11,28,7,3,2015
1549,2015-07-10,10,28,7,3,2015
1550,2015-07-09,9,28,7,3,2015
1551,2015-07-08,8,28,7,3,2015
1552,2015-07-07,7,28,7,3,2015
1553,2015-07-06,6,28,7,3,2015
1554,2015-07-05,5,27,7,3,2015
1555,2015-07-04,4,27,7,3,2015
1556,2015-07-03,3,27,7,3,2015
1557,2015-07-02,2,27,7,3,2015
1558,2015-07-01,1,27,7,3,2015
1559,2015-06-30,30,27,6,2,2015
1560,2015-06-29,29,27,6,2,2015
1561,2015-06-28,28,26,6,2,2015
1562,2015-06-27,27,26,6,2,2015
1563,2015-06-26,26,26,6,2,2015
1564,2015-06-25,25,26,6,2,2015
1565,2015-06-24,24,26,6,2,2015
1566,2015-06-23,23,26,6,2,2015
1567,2015-06-22,22,26,6,2,2015
1568,2015-06-21,21,25,6,2,2015
1569,2015-06-20,20,25,6,2,2015
1570,2015-06-19,19,25,6,2,2015
1571,2015-06-18,18,25,6,2,2015
1572,2015-06-17,17,25,6,2,2015
1573,2015-06-16,16,25,6,2,2015
1574,2015-06-15,15,25,6,2,2015
1575,2015-06-14,14,24,6,2,2015
1576,2015-06-13,13,24,6,2,2015
1577,2015-06-12,12,24,6,2,2015
1578,2015-06-11,11,24,6,2,2015
1579,2015-06-10,10,24,6,2,2015
1580,2015-06-09,9,24,6,2,2015
1581,2015-06-08,8,24,6,2,2015
1582,2015-06-07,7,23,6,2,2015
1583,2015-06-06,6,23,6,2,2015
1584,2015-06-05,5,23,6,2,2015
1585,2015-06-04,4,23,6,2,2015
1586,2015-06-03,3,23,6,2,2015
1587,2015-06-02,2,23,6,2,2015
1588,2015-06-01,1,23,6,2,2015
1589,2015-05-31,31,22,5,2,2015
1590,2015-05-30,30,22,5,2,2015
1591,2015-05-29,29,22,5,2,2015
1592,2015-05-28,28,22,5,2,2015
1593,2015-05-27,27,22,5,2,2015
1594,2015-05-26,26,22,5,2,2015
1595,2015-05-25,25,22,5,2,2015
1596,2015-05-24,24,21,5,2,2015
1597,2015-05-23,23,21,5,2,2015
1598,2015-05-22,22,21,5,2,2015
1599,2015-05-21,21,21,5,2,2015
1600,2015-05-20,20,21,5,2,2015
1601,2015-05-19,19,21,5,2,2015
1602,2015-05-18,18,21,5,2,2015
1603,2015-05-17,17,20,5,2,2015
1604,2015-05-16,16,20,5,2,2015
1605,2015-05-15,15,20,5,2,2015
1606,2015-05-14,14,20,5,2,2015
1607,2015-05-13,13,20,5,2,2015
1608,2015-05-12,12,20,5,2,2015
1609,2015-05-11,11,20,5,2,2015
1610,2015-05-10,10,19,5,2,2015
1611,2015-05-09,9,19,5,2,2015
1612,2015-05-08,8,19,5,2,2015
1613,2015-05-07,7,19,5,2,2015
1614,2015-05-06,6,19,5,2,2015
1615,2015-05-05,5,19,5,2,2015
1616,2015-05-04,4,19,5,2,2015
1617,2015-05-03,3,18,5,2,2015
1618,2015-05-02,2,18,5,2,2015
1619,2015-05-01,1,18,5,2,2015
1620,2015-04-30,30,18,4,2,2015
1621,2015-04-29,29,18,4,2,2015
1622,2015-04-28,28,18,4,2,2015
1623,2015-04-27,27,18,4,2,2015
1624,2015-04-26,26,17,4,2,2015
1625,2015-04-25,25,17,4,2,2015
1626,2015-04-24,24,17,4,2,2015
1627,2015-04-23,23,17,4,2,2015
1628,2015-04-22,22,17,4,2,2015
1629,2015-04-21,21,17,4,2,2015
1630,2015-04-20,20,17,4,2,2015
1631,2015-04-19,19,16,4,2,2015
1632,2015-04-18,18,16,4,2,2015
1633,2015-04-17,17,16,4,2,2015
1634,2015-04-16,16,16,4,2,2015
1635,2015-04-15,15,16,4,2,2015
1636,2015-04-14,14,16,4,2,2015
1637,2015-04-13,13,16,4,2,2015
1638,2015-04-12,12,15,4,2,2015
1639,2015-04-11,11,15,4,2,2015
1640,2015-04-10,10,15,4,2,2015
1641,2015-04-09,9,15,4,2,2015
1642,2015-04-08,8,15,4,2,2015
1643,2015-04-07,7,15,4,2,2015
1644,2015-04-06,6,15,4,2,2015
1645,2015-04-05,5,14,4,2,2015
1646,2015-04-04,4,14,4,2,2015
1647,2015-04-03,3,14,4,2,2015
1648,2015-04-02,2,14,4,2,2015
1649,2015-04-01,1,14,4,2,2015
1650,2015-03-31,31,14,3,1,2015
1651,2015-03-30,30,14,3,1,2015
1652,2015-03-29,29,13,3,1,2015
1653,2015-03-28,28,13,3,1,2015
1654,2015-03-27,27,13,3,1,2015
1655,2015-03-26,26,13,3,1,2015
1656,2015-03-25,25,13,3,1,2015
1657,2015-03-24,24,13,3,1,2015
1658,2015-03-23,23,13,3,1,2015
1659,2015-03-22,22,12,3,1,2015
1660,2015-03-21,21,12,3,1,2015
1661,2015-03-20,20,12,3,1,2015
1662,2015-03-19,19,12,3,1,2015
1663,2015-03-18,18,12,3,1,2015
1664,2015-03-17,17,12,3,1,2015
1665,2015-03-16,16,12,3,1,2015
1666,2015-03-15,15,11,3,1,2015
1667,2015-03-14,14,11,3,1,2015
1668,2015-03-13,13,11,3,1,2015
1669,2015-03-12,12,11,3,1,2015
1670,2015-03-11,11,11,3,1,2015
1671,2015-03-10,10,11,3,1,2015
1672,2015-03-09,9,11,3,1,2015
1673,2015-03-08,8,10,3,1,2015
1674,2015-03-07,7,10,3,1,2015
1675,2015-03-06,6,10,3,1,2015
1676,2015-03-05,5,10,3,1,2015
1677,2015-03-04,4,10,3,1,2015
1678,2015-03-03,3,10,3,1,2015
1679,2015-03-02,2,10,3,1,2015
1680,2015-03-01,1,9,3,1,2015
1681,2015-02-28,28,9,2,1,2015
1682,2015-02-27,27,9,2,1,2015
1683,2015-02-26,26,9,2,1,2015
1684,2015-02-25,25,9,2,1,2015
1685,2015-02-24,24,9,2,1,2015
1686,2015-02-23,23,9,2,1,2015
1687,2015-02-22,22,8,2,1,2015
1688,2015-02-21,21,8,2,1,2015
1689,2015-02-20,20,8,2,1,2015
1690,2015-02-19,19,8,2,1,2015
1691,2015-02-18,18,8,2,1,2015
1692,2015-02-17,17,8,2,1,2015
1693,2015-02-16,16,8,2,1,2015
1694,2015-02-15,15,7,2,1,2015
1695,2015-02-14,14,7,2,1,2015
1696,2015-02-13,13,7,2,1,2015
1697,2015-02-12,12,7,2,1,2015
1698,2015-02-11,11,7,2,1,2015
1699,2015-02-10,10,7,2,1,2015
1700,2015-02-09,9,7,2,1,2015
1701,2015-02-08,8,6,2,1,2015
1702,2015-02-07,7,6,2,1,2015
1703,2015-02-06,6,6,2,1,2015
1704,2015-02-05,5,6,2,1,2015
1705,2015-02-04,4,6,2,1,2015
1706,2015-02-03,3,6,2,1,2015
1707,2015-02-02,2,6,2,1,2015
1708,2015-02-01,1,5,2,1,2015
1709,2015-01-31,31,5,1,1,2015
1710,2015-01-30,30,5,1,1,2015
1711,2015-01-29,29,5,1,1,2015
1712,2015-01-28,28,5,1,1,2015
1713,2015-01-27,27,5,1,1,2015
1714,2015-01-26,26,5,1,1,2015
1715,2015-01-25,25,4,1,1,2015
1716,2015-01-24,24,4,1,1,2015
1717,2015-01-23,23,4,1,1,2015
1718,2015-01-22,22,4,1,1,2015
1719,2015-01-21,21,4,1,1,2015
1720,2015-01-20,20,4,1,1,2015
1721,2015-01-19,19,4,1,1,2015
1722,2015-01-18,18,3,1,1,2015
1723,2015-01-17,17,3,1,1,2015
1724,2015-01-16,16,3,1,1,2015
1725,2015-01-15,15,3,1,1,2015
1726,2015-01-14,14,3,1,1,2015
1727,2015-01-13,13,3,1,1,2015
1728,2015-01-12,12,3,1,1,2015
1729,2015-01-11,11,2,1,1,2015
1730,2015-01-10,10,2,1,1,2015
1731,2015-01-09,9,2,1,1,2015
1732,2015-01-08,8,2,1,1,2015
1733,2015-01-07,7,2,1,1,2015
1734,2015-01-06,6,2,1,1,2015
1735,2015-01-05,5,2,1,1,2015
1736,2015-01-04,4,1,1,1,2015
1737,2015-01-03,3,1,1,1,2015
1738,2015-01-02,2,1,1,1,2015
1739,2015-01-01,1,1,1,1,2015
1740,2014-12-31,31,1,12,4,2014
1741,2014-12-30,30,1,12,4,2014
1742,2014-12-29,29,1,12,4,2014
1743,2014-12-28,28,52,12,4,2014
1744,2014-12-27,27,52,12,4,2014
1745,2014-12-26,26,52,12,4,2014
1746,2014-12-25,25,52,12,4,2014
1747,2014-12-24,24,52,12,4,2014
1748,2014-12-23,23,52,12,4,2014
1749,2014-12-22,22,52,12,4,2014
1750,2014-12-21,21,51,12,4,2014
1751,2014-12-20,20,51,12,4,2014
1752,2014-12-19,19,51,12,4,2014
1753,2014-12-18,18,51,12,4,2014
1754,2014-12-17,17,51,12,4,2014
1755,2014-12-16,16,51,12,4,2014
1756,2014-12-15,15,51,12,4,2014
1757,2014-12-14,14,50,12,4,2014
1758,2014-12-13,13,50,12,4,2014
1759,2014-12-12,12,50,12,4,2014
1760,2014-12-11,11,50,12,4,2014
1761,2014-12-10,10,50,12,4,2014
1762,2014-12-09,9,50,12,4,2014
1763,2014-12-08,8,50,12,4,2014
1764,2014-12-07,7,49,12,4,2014
1765,2014-12-06,6,49,12,4,2014
1766,2014-12-05,5,49,12,4,2014
1767,2014-12-04,4,49,12,4,2014
1768,2014-12-03,3,49,12,4,2014
1769,2014-12-02,2,49,12,4,2014
1770,2014-12-01,1,49,12,4,2014
1771,2014-11-30,30,48,11,4,2014
1772,2014-11-29,29,48,11,4,2014
1773,2014-11-28,28,48,11,4,2014
1774,2014-11-27,27,48,11,4,2014
1775,2014-11-26,26,48,11,4,2014
1776,2014-11-25,25,48,11,4,2014
1777,2014-11-24,24,48,11,4,2014
1778,2014-11-23,23,47,11,4,2014
1779,2014-11-22,22,47,11,4,2014
1780,2014-11-21,21,47,11,4,2014
1781,2014-11-20,20,47,11,4,2014
1782,2014-11-19,19,47,11,4,2014
1783,2014-11-18,18,47,11,4,2014
1784,2014-11-17,17,47,11,4,2014
1785,2014-11-16,16,46,11,4,2014
1786,2014-11-15,15,46,11,4,2014
1787,2014-11-14,14,46,11,4,2014
1788,2014-11-13,13,46,11,4,2014
1789,2014-11-12,12,46,11,4,2014
1790,2014-11-11,11,46,11,4,2014
1791,2014-11-10,10,46,11,4,2014
1792,2014-11-09,9,45,11,4,2014
1793,2014-11-08,8,45,11,4,2014
1794,2014-11-07,7,45,11,4,2014
1795,2014-11-06,6,45,11,4,2014
1796,2014-11-05,5,45,11,4,2014
1797,2014-11-04,4,45,11,4,2014
1798,2014-11-03,3,45,11,4,2014
1799,2014-11-02,2,44,11,4,2014
1800,2014-11-01,1,44,11,4,2014
1801,2014-10-31,31,44,10,4,2014
1802,2014-10-30,30,44,10,4,2014
1803,2014-10-29,29,44,10,4,2014
1804,2014-10-28,28,44,10,4,2014
1805,2014-10-27,27,44,10,4,2014
1806,2014-10-26,26,43,10,4,2014
1807,2014-10-25,25,43,10,4,2014
1808,2014-10-24,24,43,10,4,2014
1809,2014-10-23,23,43,10,4,2014
1810,2014-10-22,22,43,10,4,2014
1811,2014-10-21,21,43,10,4,2014
1812,2014-10-20,20,43,10,4,2014
1813,2014-10-19,19,42,10,4,2014
1814,2014-10-18,18,42,10,4,2014
1815,2014-10-17,17,42,10,4,2014
1816,2014-10-16,16,42,10,4,2014
1817,2014-10-15,15,42,10,4,2014
1818,2014-10-14,14,42,10,4,2014
1819,2014-10-13,13,42,10,4,2014
1820,2014-10-12,12,41,10,4,2014
1821,2014-10-11,11,41,10,4,2014
1822,2014-10-10,10,41,10,4,2014
1823,2014-10-09,9,41,10,4,2014
1824,2014-10-08,8,41,10,4,2014
1825,2014-10-07,7,41,10,4,2014
1826,2014-10-06,6,41,10,4,2014
1827,2014-10-05,5,40,10,4,2014
1828,2014-10-04,4,40,10,4,2014
1829,2014-10-03,3,40,10,4,2014
1830,2014-10-02,2,40,10,4,2014
1831,2014-10-01,1,40,10,4,2014
1832,2014-09-30,30,40,9,3,2014
1833,2014-09-29,29,40,9,3,2014
1834,2014-09-28,28,39,9,3,2014
1835,2014-09-27,27,39,9,3,2014
1836,2014-09-26,26,39,9,3,2014
1837,2014-09-25,25,39,9,3,2014
1838,2014-09-24,24,39,9,3,2014
1839,2014-09-23,23,39,9,3,2014
1840,2014-09-22,22,39,9,3,2014
1841,2014-09-21,21,38,9,3,2014
1842,2014-09-20,20,38,9,3,2014
1843,2014-09-19,19,38,9,3,2014
1844,2014-09-18,18,38,9,3,2014
1845,2014-09-17,17,38,9,3,2014
1846,2014-09-16,16,38,9,3,2014
1847,2014-09-15,15,38,9,3,2014
1848,2014-09-14,14,37,9,3,2014
1849,2014-09-13,13,37,9,3,2014
1850,2014-09-12,12,37,9,3,2014
1851,2014-09-11,11,37,9,3,2014
1852,2014-09-10,10,37,9,3,2014
1853,2014-09-09,9,37,9,3,2014
1854,2014-09-08,8,37,9,3,2014
1855,2014-09-07,7,36,9,3,2014
1856,2014-09-06,6,36,9,3,2014
1857,2014-09-05,5,36,9,3,2014
1858,2014-09-04,4,36,9,3,2014
1859,2014-09-03,3,36,9,3,2014
1860,2014-09-02,2,36,9,3,2014
1861,2014-09-01,1,36,9,3,2014
1862,2014-08-31,31,35,8,3,2014
1863,2014-08-30,30,35,8,3,2014
1864,2014-08-29,29,35,8,3,2014
1865,2014-08-28,28,35,8,3,2014
1866,2014-08-27,27,35,8,3,2014
1867,2014-08-26,26,35,8,3,2014
1868,2014-08-25,25,35,8,3,2014
1869,2014-08-24,24,34,8,3,2014
1870,2014-08-23,23,34,8,3,2014
1871,2014-08-22,22,34,8,3,2014
1872,2014-08-21,21,34,8,3,2014
1873,2014-08-20,20,34,8,3,2014
1874,2014-08-19,19,34,8,3,2014
1875,2014-08-18,18,34,8,3,2014
1876,2014-08-17,17,33,8,3,2014
1877,2014-08-16,16,33,8,3,2014
1878,2014-08-15,15,33,8,3,2014
1879,2014-08-14,14,33,8,3,2014
1880,2014-08-13,13,33,8,3,2014
1881,2014-08-12,12,33,8,3,2014
1882,2014-08-11,11,33,8,3,2014
1883,2014-08-10,10,32,8,3,2014
1884,2014-08-09,9,32,8,3,2014
1885,2014-08-08,8,32,8,3,2014
1886,2014-08-07,7,32,8,3,2014
1887,2014-08-06,6,32,8,3,2014
1888,2014-08-05,5,32,8,3,2014
1889,2014-08-04,4,32,8,3,2014
1890,2014-08-03,3,31,8,3,2014
1891,2014-08-02,2,31,8,3,2014
1892,2014-08-01,1,31,8,3,2014
1893,2014-07-31,31,31,7,3,2014
1894,2014-07-30,30,31,7,3,2014
1895,2014-07-29,29,31,7,3,2014
1896,2014-07-28,28,31,7,3,2014
1897,2014-07-27,27,30,7,3,2014
1898,2014-07-26,26,30,7,3,2014
1899,2014-07-25,25,30,7,3,2014
1900,2014-07-24,24,30,7,3,2014
1901,2014-07-23,23,30,7,3,2014
1902,2014-07-22,22,30,7,3,2014
1903,2014-07-21,21,30,7,3,2014
1904,2014-07-20,20,29,7,3,2014
1905,2014-07-19,19,29,7,3,2014
1906,2014-07-18,18,29,7,3,2014
1907,2014-07-17,17,29,7,3,2014
1908,2014-07-16,16,29,7,3,2014
1909,2014-07-15,15,29,7,3,2014
1910,2014-07-14,14,29,7,3,2014
1911,2014-07-13,13,28,7,3,2014
1912,2014-07-12,12,28,7,3,2014
1913,2014-07-11,11,28,7,3,2014
1914,2014-07-10,10,28,7,3,2014
1915,2014-07-09,9,28,7,3,2014
1916,2014-07-08,8,28,7,3,2014
1917,2014-07-07,7,28,7,3,2014
1918,2014-07-06,6,27,7,3,2014
1919,2014-07-05,5,27,7,3,2014
1920,2014-07-04,4,27,7,3,2014
1921,2014-07-03,3,27,7,3,2014
1922,2014-07-02,2,27,7,3,2014
1923,2014-07-01,1,27,7,3,2014
1924,2014-06-30,30,27,6,2,2014
1925,2014-06-29,29,26,6,2,2014
1926,2014-06-28,28,26,6,2,2014
1927,2014-06-27,27,26,6,2,2014
1928,2014-06-26,26,26,6,2,2014
1929,2014-06-25,25,26,6,2,2014
1930,2014-06-24,24,26,6,2,2014
1931,2014-06-23,23,26,6,2,2014
1932,2014-06-22,22,25,6,2,2014
1933,2014-06-21,21,25,6,2,2014
1934,2014-06-20,20,25,6,2,2014
1935,2014-06-19,19,25,6,2,2014
1936,2014-06-18,18,25,6,2,2014
1937,2014-06-17,17,25,6,2,2014
1938,2014-06-16,16,25,6,2,2014
1939,2014-06-15,15,24,6,2,2014
1940,2014-06-14,14,24,6,2,2014
1941,2014-06-13,13,24,6,2,2014
1942,2014-06-12,12,24,6,2,2014
1943,2014-06-11,11,24,6,2,2014
1944,2014-06-10,10,24,6,2,2014
1945,2014-06-09,9,24,6,2,2014
1946,2014-06-08,8,23,6,2,2014
1947,2014-06-07,7,23,6,2,2014
1948,2014-06-06,6,23,6,2,2014
1949,2014-06-05,5,23,6,2,2014
1950,2014-06-04,4,23,6,2,2014
1951,2014-06-03,3,23,6,2,2014
1952,2014-06-02,2,23,6,2,2014
1953,2014-06-01,1,22,6,2,2014
1954,2014-05-31,31,22,5,2,2014
1955,2014-05-30,30,22,5,2,2014
1956,2014-05-29,29,22,5,2,2014
1957,2014-05-28,28,22,5,2,2014
1958,2014-05-27,27,22,5,2,2014
1959,2014-05-26,26,22,5,2,2014
1960,2014-05-25,25,21,5,2,2014
1961,2014-05-24,24,21,5,2,2014
1962,2014-05-23,23,21,5,2,2014
1963,2014-05-22,22,21,5,2,2014
1964,2014-05-21,21,21,5,2,2014
1965,2014-05-20,20,21,5,2,2014
1966,2014-05-19,19,21,5,2,2014
1967,2014-05-18,18,20,5,2,2014
1968,2014-05-17,17,20,5,2,2014
1969,2014-05-16,16,20,5,2,2014
1970,2014-05-15,15,20,5,2,2014
1971,2014-05-14,14,20,5,2,2014
1972,2014-05-13,13,20,5,2,2014
1973,2014-05-12,12,20,5,2,2014
1974,2014-05-11,11,19,5,2,2014
1975,2014-05-10,10,19,5,2,2014
1976,2014-05-09,9,19,5,2,2014
1977,2014-05-08,8,19,5,2,2014
1978,2014-05-07,7,19,5,2,2014
1979,2014-05-06,6,19,5,2,2014
1980,2014-05-05,5,19,5,2,2014
1981,2014-05-04,4,18,5,2,2014
1982,2014-05-03,3,18,5,2,2014
1983,2014-05-02,2,18,5,2,2014
1984,2014-05-01,1,18,5,2,2014
1985,2014-04-30,30,18,4,2,2014
1986,2014-04-29,29,18,4,2,2014
1987,2014-04-28,28,18,4,2,2014
1988,2014-04-27,27,17,4,2,2014
1989,2014-04-26,26,17,4,2,2014
1990,2014-04-25,25,17,4,2,2014
1991,2014-04-24,24,17,4,2,2014
1992,2014-04-23,23,17,4,2,2014
1993,2014-04-22,22,17,4,2,2014
1994,2014-04-21,21,17,4,2,2014
1995,2014-04-20,20,16,4,2,2014
1996,2014-04-19,19,16,4,2,2014
1997,2014-04-18,18,16,4,2,2014
1998,2014-04-17,17,16,4,2,2014
1999,2014-04-16,16,16,4,2,2014
2000,2014-04-15,15,16,4,2,2014